label,shot,bitstring_qiskit,bitstring_q0_first,hamiltonian_value,cut_value,approx_ratio,bitstring_original
PLAIN_VQA_step_0,0,01010111011100000111,11100000111011101010,-13.0,13.0,0.30952380952380953,11100000111011101010
PLAIN_VQA_step_0,1,11001001100010001110,01110001000110010011,-11.0,11.0,0.2619047619047619,01110001000110010011
PLAIN_VQA_step_0,2,00000010011010001100,00110001011001000000,-12.0,12.0,0.2857142857142857,00110001011001000000
PLAIN_VQA_step_0,3,00011101100001101000,00010110000110111000,0.0,0.0,-0.0,00010110000110111000
PLAIN_VQA_step_0,4,00100011010100111011,11011100101011000100,-32.0,32.0,0.7619047619047619,11011100101011000100
PLAIN_VQA_step_0,5,11111010010111101011,11010111101001011111,-10.0,10.0,0.23809523809523808,11010111101001011111
PLAIN_VQA_step_0,6,10000110000101011000,00011010100001100001,-5.0,5.0,0.11904761904761904,00011010100001100001
PLAIN_VQA_step_0,7,11010000100111111011,11011111100100001011,-4.0,4.0,0.09523809523809523,11011111100100001011
PLAIN_VQA_step_0,8,00011111110111100011,11000111101111111000,1.0,-1.0,-0.023809523809523808,11000111101111111000
PLAIN_VQA_step_0,9,11100101011001010111,11101010011010100111,0.0,0.0,-0.0,11101010011010100111
PLAIN_VQA_step_0,10,10100010010101011010,01011010101001000101,-19.0,19.0,0.4523809523809524,01011010101001000101
PLAIN_VQA_step_0,11,11010001111101010110,01101010111110001011,-4.0,4.0,0.09523809523809523,01101010111110001011
PLAIN_VQA_step_0,12,00100100111101101001,10010110111100100100,-6.0,6.0,0.14285714285714285,10010110111100100100
PLAIN_VQA_step_0,13,00010001111111111000,00011111111110001000,1.0,-1.0,-0.023809523809523808,00011111111110001000
PLAIN_VQA_step_0,14,00110000000100001110,01110000100000001100,-12.0,12.0,0.2857142857142857,01110000100000001100
PLAIN_VQA_step_0,15,00100111101100000110,01100000110111100100,1.0,-1.0,-0.023809523809523808,01100000110111100100
PLAIN_VQA_step_0,16,01111011010111000010,01000011101011011110,-11.0,11.0,0.2619047619047619,01000011101011011110
PLAIN_VQA_step_0,17,11111011010001100000,00000110001011011111,-12.0,12.0,0.2857142857142857,00000110001011011111
PLAIN_VQA_step_0,18,00100111001010101011,11010101010011100100,-10.0,10.0,0.23809523809523808,11010101010011100100
PLAIN_VQA_step_0,19,00100001010111001011,11010011101010000100,-11.0,11.0,0.2619047619047619,11010011101010000100
PLAIN_VQA_step_0,20,00110010101111111011,11011111110101001100,-3.0,3.0,0.07142857142857142,11011111110101001100
PLAIN_VQA_step_0,21,10100100010111110011,11001111101000100101,-9.0,9.0,0.21428571428571427,11001111101000100101
PLAIN_VQA_step_0,22,00110111101101111011,11011110110111101100,0.0,0.0,-0.0,11011110110111101100
PLAIN_VQA_step_0,23,11111101101100001000,00010000110110111111,-1.0,1.0,0.023809523809523808,00010000110110111111
PLAIN_VQA_step_0,24,11100101101111101011,11010111110110100111,-12.0,12.0,0.2857142857142857,11010111110110100111
PLAIN_VQA_step_0,25,11010111000001110110,01101110000011101011,-15.0,15.0,0.35714285714285715,01101110000011101011
PLAIN_VQA_step_0,26,00010010011100000011,11000000111001001000,-19.0,19.0,0.4523809523809524,11000000111001001000
PLAIN_VQA_step_0,27,11100011100110010110,01101001100111000111,-1.0,1.0,0.023809523809523808,01101001100111000111
PLAIN_VQA_step_0,28,11001000010100000111,11100000101000010011,2.0,-2.0,-0.047619047619047616,11100000101000010011
PLAIN_VQA_step_0,29,10001100011111101011,11010111111000110001,-14.0,14.0,0.3333333333333333,11010111111000110001
PLAIN_VQA_step_0,30,00010000001001101011,11010110010000001000,-5.0,5.0,0.11904761904761904,11010110010000001000
PLAIN_VQA_step_0,31,00010001101100001011,11010000110110001000,-6.0,6.0,0.14285714285714285,11010000110110001000
PLAIN_VQA_step_0,32,00111100010101011011,11011010101000111100,-9.0,9.0,0.21428571428571427,11011010101000111100
PLAIN_VQA_step_0,33,00001011000100110011,11001100100011010000,-14.0,14.0,0.3333333333333333,11001100100011010000
PLAIN_VQA_step_0,34,01100011010110100110,01100101101011000110,-8.0,8.0,0.19047619047619047,01100101101011000110
PLAIN_VQA_step_0,35,00000100010101101000,00010110101000100000,-12.0,12.0,0.2857142857142857,00010110101000100000
PLAIN_VQA_step_0,36,00100010011010001011,11010001011001000100,-16.0,16.0,0.38095238095238093,11010001011001000100
PLAIN_VQA_step_0,37,11010000111111001011,11010011111100001011,-12.0,12.0,0.2857142857142857,11010011111100001011
PLAIN_VQA_step_0,38,00110100101101011001,10011010110100101100,-6.0,6.0,0.14285714285714285,10011010110100101100
PLAIN_VQA_step_0,39,00100110110011001000,00010011001101100100,-2.0,2.0,0.047619047619047616,00010011001101100100
PLAIN_VQA_step_0,40,10001010011010001011,11010001011001010001,-15.0,15.0,0.35714285714285715,11010001011001010001
PLAIN_VQA_step_0,41,11001010000111000110,01100011100001010011,3.0,-3.0,-0.07142857142857142,01100011100001010011
PLAIN_VQA_step_0,42,01100010011010000110,01100001011001000110,-4.0,4.0,0.09523809523809523,01100001011001000110
PLAIN_VQA_step_0,43,10111010010100110011,11001100101001011101,-13.0,13.0,0.30952380952380953,11001100101001011101
PLAIN_VQA_step_0,44,00110011000101011011,11011010100011001100,-14.0,14.0,0.3333333333333333,11011010100011001100
PLAIN_VQA_step_0,45,01100000010111101011,11010111101000000110,-6.0,6.0,0.14285714285714285,11010111101000000110
PLAIN_VQA_step_0,46,01111000011101000000,00000010111000011110,-12.0,12.0,0.2857142857142857,00000010111000011110
PLAIN_VQA_step_0,47,01001010101101111010,01011110110101010010,-5.0,5.0,0.11904761904761904,01011110110101010010
PLAIN_VQA_step_0,48,00110011010111000101,10100011101011001100,-8.0,8.0,0.19047619047619047,10100011101011001100
PLAIN_VQA_step_0,49,00100010011001100110,01100110011001000100,6.0,-6.0,-0.14285714285714285,01100110011001000100
PLAIN_VQA_step_0,50,00110110000101101011,11010110100001101100,-12.0,12.0,0.2857142857142857,11010110100001101100
PLAIN_VQA_step_0,51,11111000111101100111,11100110111100011111,-2.0,2.0,0.047619047619047616,11100110111100011111
PLAIN_VQA_step_0,52,10100101010100001010,01010000101010100101,-6.0,6.0,0.14285714285714285,01010000101010100101
PLAIN_VQA_step_0,53,11010100101110010011,11001001110100101011,-9.0,9.0,0.21428571428571427,11001001110100101011
PLAIN_VQA_step_0,54,10001001101111110011,11001111110110010001,-4.0,4.0,0.09523809523809523,11001111110110010001
PLAIN_VQA_step_0,55,10001011010111101011,11010111101011010001,-20.0,20.0,0.47619047619047616,11010111101011010001
PLAIN_VQA_step_0,56,10100001001000001011,11010000010010000101,-13.0,13.0,0.30952380952380953,11010000010010000101
PLAIN_VQA_step_0,57,01010110000100011000,00011000100001101010,1.0,-1.0,-0.023809523809523808,00011000100001101010
PLAIN_VQA_step_0,58,11100111001010001011,11010001010011100111,-19.0,19.0,0.4523809523809524,11010001010011100111
PLAIN_VQA_step_0,59,00100001000101111001,10011110100010000100,-4.0,4.0,0.09523809523809523,10011110100010000100
PLAIN_VQA_step_0,60,00100000000101101011,11010110100000000100,-11.0,11.0,0.2619047619047619,11010110100000000100
PLAIN_VQA_step_0,61,10110111010011111000,00011111001011101101,-2.0,2.0,0.047619047619047616,00011111001011101101
PLAIN_VQA_step_0,62,11010011101100011011,11011000110111001011,-6.0,6.0,0.14285714285714285,11011000110111001011
PLAIN_VQA_step_0,63,11101100010101110110,01101110101000110111,-4.0,4.0,0.09523809523809523,01101110101000110111
PLAIN_VQA_step_0,64,00101110110001101011,11010110001101110100,-5.0,5.0,0.11904761904761904,11010110001101110100
PLAIN_VQA_step_0,65,10001110101110101001,10010101110101110001,-11.0,11.0,0.2619047619047619,10010101110101110001
PLAIN_VQA_step_0,66,01100011010100111011,11011100101011000110,-29.0,29.0,0.6904761904761905,11011100101011000110
PLAIN_VQA_step_0,67,01010000000100011011,11011000100000001010,-7.0,7.0,0.16666666666666666,11011000100000001010
PLAIN_VQA_step_0,68,11100011010111000010,01000011101011000111,-2.0,2.0,0.047619047619047616,01000011101011000111
PLAIN_VQA_step_0,69,00100010001011111000,00011111010001000100,-4.0,4.0,0.09523809523809523,00011111010001000100
PLAIN_VQA_step_0,70,00010000001010011000,00011001010000001000,-1.0,1.0,0.023809523809523808,00011001010000001000
PLAIN_VQA_step_0,71,00100000111111101011,11010111111100000100,1.0,-1.0,-0.023809523809523808,11010111111100000100
PLAIN_VQA_step_0,72,11011011010100010110,01101000101011011011,-7.0,7.0,0.16666666666666666,01101000101011011011
PLAIN_VQA_step_0,73,11010010101111100110,01100111110101001011,0.0,0.0,-0.0,01100111110101001011
PLAIN_VQA_step_0,74,00010011011000011010,01011000011011001000,-14.0,14.0,0.3333333333333333,01011000011011001000
PLAIN_VQA_step_0,75,00100010100010000011,11000001000101000100,-12.0,12.0,0.2857142857142857,11000001000101000100
PLAIN_VQA_step_0,76,00100100010111101011,11010111101000100100,-12.0,12.0,0.2857142857142857,11010111101000100100
PLAIN_VQA_step_0,77,00100101010100010110,01101000101010100100,-10.0,10.0,0.23809523809523808,01101000101010100100
PLAIN_VQA_step_0,78,11100010101101100101,10100110110101000111,-1.0,1.0,0.023809523809523808,10100110110101000111
PLAIN_VQA_step_0,79,01101100011100110000,00001100111000110110,-13.0,13.0,0.30952380952380953,00001100111000110110
PLAIN_VQA_step_0,80,00100010010100011011,11011000101001000100,-32.0,32.0,0.7619047619047619,11011000101001000100
PLAIN_VQA_step_0,81,11100000011010000110,01100001011000000111,-4.0,4.0,0.09523809523809523,01100001011000000111
PLAIN_VQA_step_0,82,00100011010100101010,01010100101011000100,-24.0,24.0,0.5714285714285714,01010100101011000100
PLAIN_VQA_step_0,83,00100100101101001011,11010010110100100100,-9.0,9.0,0.21428571428571427,11010010110100100100
PLAIN_VQA_step_0,84,10110010100011011011,11011011000101001101,-11.0,11.0,0.2619047619047619,11011011000101001101
PLAIN_VQA_step_0,85,10011011010100010101,10101000101011011001,-4.0,4.0,0.09523809523809523,10101000101011011001
PLAIN_VQA_step_0,86,00110010100000000110,01100000000101001100,-4.0,4.0,0.09523809523809523,01100000000101001100
PLAIN_VQA_step_0,87,00100111110111101011,11010111101111100100,-5.0,5.0,0.11904761904761904,11010111101111100100
PLAIN_VQA_step_0,88,00100011101100011011,11011000110111000100,-20.0,20.0,0.47619047619047616,11011000110111000100
PLAIN_VQA_step_0,89,00010000000110101100,00110101100000001000,-20.0,20.0,0.47619047619047616,00110101100000001000
PLAIN_VQA_step_0,90,01111001000100000110,01100000100010011110,-4.0,4.0,0.09523809523809523,01100000100010011110
PLAIN_VQA_step_0,91,00010011010100001010,01010000101011001000,-27.0,27.0,0.6428571428571429,01010000101011001000
PLAIN_VQA_step_0,92,01110110011000001011,11010000011001101110,-10.0,10.0,0.23809523809523808,11010000011001101110
PLAIN_VQA_step_0,93,01010101010101101001,10010110101010101010,-20.0,20.0,0.47619047619047616,10010110101010101010
PLAIN_VQA_step_0,94,11100010101111101011,11010111110101000111,-3.0,3.0,0.07142857142857142,11010111110101000111
PLAIN_VQA_step_0,95,01011110000100001000,00010000100001111010,5.0,-5.0,-0.11904761904761904,00010000100001111010
PLAIN_VQA_step_0,96,01100100010100011011,11011000101000100110,-11.0,11.0,0.2619047619047619,11011000101000100110
PLAIN_VQA_step_0,97,10001110000010101001,10010101000001110001,-6.0,6.0,0.14285714285714285,10010101000001110001
PLAIN_VQA_step_0,98,11001010010111101011,11010111101001010011,-8.0,8.0,0.19047619047619047,11010111101001010011
PLAIN_VQA_step_0,99,00010000100010000110,01100001000100001000,-11.0,11.0,0.2619047619047619,01100001000100001000
